Instance Number,Spins,Temperature,Connectivity,Proposal,Acceptance,Gap,Gap Lazy,Mismatched,delta_time_step_Trotter
1,3,1,full,local,metropolis,0.1935177946874398,0.0967588973437199,False,0.2
1,3,1,full,uniform,metropolis,0.17540110148426236,0.08770055074213112,False,0.2
1,3,1,full,quantum_avg,metropolis,0.10779201484277579,0.05389600742138789,False,0.2
1,3,1,full,Wolff_cluster_update,metropolis,0.22033898492828374,0.11016949246414187,False,0.2
2,4,1,full,local,metropolis,0.010080928065209771,0.005040464032604941,False,0.2
2,4,1,full,uniform,metropolis,0.2015619115842523,0.1007809557921262,False,0.2
2,4,1,full,quantum_avg,metropolis,0.17289900784876544,0.08644950392438266,False,0.2
2,4,1,full,Wolff_cluster_update,metropolis,0.00991882505473407,0.004959412527367091,False,0.2
3,5,1,full,local,metropolis,0.046485847619597065,0.023242923809798532,False,0.2
3,5,1,full,uniform,metropolis,0.12147060562847345,0.06073530281423678,False,0.2
3,5,1,full,quantum_avg,metropolis,0.17516691521422134,0.08758345760711062,False,0.2
3,5,1,full,Wolff_cluster_update,metropolis,0.04551413911973823,0.022757069559869114,False,0.2
4,6,1,full,local,metropolis,0.014819549388669473,0.007409774694334681,False,0.2
4,6,1,full,uniform,metropolis,0.03269124204408569,0.016345621022042844,False,0.2
4,6,1,full,quantum_avg,metropolis,0.09556534522833227,0.04778267261416613,False,0.2
4,6,1,full,Wolff_cluster_update,metropolis,0.006689496018695951,0.003344748009348031,False,0.2
5,7,1,full,local,metropolis,0.01629660983799408,0.008148304918996985,False,0.2
5,7,1,full,uniform,metropolis,0.01606241225350069,0.008031206126750345,False,0.2
5,7,1,full,quantum_avg,metropolis,0.12138056870288672,0.06069028435144341,False,0.2
5,7,1,full,Wolff_cluster_update,metropolis,0.01480319800759744,0.0074015990037987756,False,0.2
1,3,1,full,2-local,metropolis,0.37862621634688587,,False,0.2
2,4,1,full,2-local,metropolis,0.014336005977053534,,False,0.2
3,5,1,full,2-local,metropolis,0.1329999013983134,,False,0.2
4,6,1,full,2-local,metropolis,0.02908734483310349,,False,0.2
5,7,1,full,2-local,metropolis,0.04100871605338907,,False,0.2
1,3,1,full,2-local,metropolis,0.37862621634688587,,False,0.2
2,4,1,full,2-local,metropolis,0.014336005977053534,,False,0.2
3,5,1,full,2-local,metropolis,0.1329999013983134,,False,0.2
4,6,1,full,2-local,metropolis,0.02908734483310349,,False,0.2
5,7,1,full,2-local,metropolis,0.04100871605338907,,False,0.2
6,8,1,full,2-local,metropolis,0.018618299831494323,,False,0.2
7,9,1,full,2-local,metropolis,0.001943524014181519,,False,0.2
8,10,1,full,2-local,metropolis,0.00022574730703806,,False,0.2
9,3,1,full,2-local,metropolis,0.39095794165440934,,False,0.2
10,4,1,full,2-local,metropolis,0.16175491157198407,,False,0.2
11,5,1,full,2-local,metropolis,0.09684160274331599,,False,0.2
12,6,1,full,2-local,metropolis,0.06604296566366075,,False,0.2
13,7,1,full,2-local,metropolis,0.010195091254821431,,False,0.2
14,8,1,full,2-local,metropolis,0.0003816386670307814,,False,0.2
15,9,1,full,2-local,metropolis,0.0010467681203359946,,False,0.2
16,10,1,full,2-local,metropolis,0.0017541202056348126,,False,0.2
17,3,1,full,2-local,metropolis,0.42144164316327093,,False,0.2
18,4,1,full,2-local,metropolis,0.08881185329214536,,False,0.2
19,5,1,full,2-local,metropolis,0.031153601817852206,,False,0.2
20,6,1,full,2-local,metropolis,0.03396583871509562,,False,0.2
21,7,1,full,2-local,metropolis,0.00764115219978434,,False,0.2
22,8,1,full,2-local,metropolis,0.011154587421727036,,False,0.2
23,9,1,full,2-local,metropolis,0.005819332199718308,,False,0.2
24,10,1,full,2-local,metropolis,2.3089210999804877e-06,,False,0.2
25,3,1,full,2-local,metropolis,0.62206076066848,,False,0.2
26,4,1,full,2-local,metropolis,0.067289162693558,,False,0.2
27,5,1,full,2-local,metropolis,0.0015789222938680236,,False,0.2
28,6,1,full,2-local,metropolis,0.014120374236077593,,False,0.2
29,7,1,full,2-local,metropolis,0.003969248213739118,,False,0.2
30,8,1,full,2-local,metropolis,4.7698771601711876e-05,,False,0.2
31,9,1,full,2-local,metropolis,1.050444813466278e-06,,False,0.2
32,10,1,full,2-local,metropolis,0.0004130895918725841,,False,0.2
33,3,1,full,2-local,metropolis,0.33582490961414635,,False,0.2
34,4,1,full,2-local,metropolis,0.21490091482785711,,False,0.2
35,5,1,full,2-local,metropolis,0.08048765670395575,,False,0.2
36,6,1,full,2-local,metropolis,0.027154131274639393,,False,0.2
37,7,1,full,2-local,metropolis,0.000334981791748179,,False,0.2
38,8,1,full,2-local,metropolis,0.028421353995982,,False,0.2
39,9,1,full,2-local,metropolis,0.007764760677367311,,False,0.2
40,10,1,full,2-local,metropolis,2.7527537616478526e-05,,False,0.2
41,3,1,full,2-local,metropolis,0.3579938589380649,,False,0.2
42,4,1,full,2-local,metropolis,0.1684575018126524,,False,0.2
43,5,1,full,2-local,metropolis,0.019747792730191227,,False,0.2
44,6,1,full,2-local,metropolis,0.0005922247677538905,,False,0.2
45,7,1,full,2-local,metropolis,0.0009215542381914021,,False,0.2
46,8,1,full,2-local,metropolis,0.005104959548551502,,False,0.2
47,9,1,full,2-local,metropolis,0.011511428532972046,,False,0.2
48,10,1,full,2-local,metropolis,0.0027591746733416356,,False,0.2
49,3,1,full,2-local,metropolis,0.33905912950039296,,False,0.2
50,4,1,full,2-local,metropolis,0.010074839573049998,,False,0.2
51,5,1,full,2-local,metropolis,0.008062519606156338,,False,0.2
52,6,1,full,2-local,metropolis,0.03492328578241477,,False,0.2
53,7,1,full,2-local,metropolis,0.0057156645819083085,,False,0.2
54,8,1,full,2-local,metropolis,0.000171061485570001,,False,0.2
55,9,1,full,2-local,metropolis,0.0043917064167944275,,False,0.2
56,10,1,full,2-local,metropolis,0.000180374163425423,,False,0.2
57,3,1,full,2-local,metropolis,0.38576994815286114,,False,0.2
58,4,1,full,2-local,metropolis,0.005623541385623376,,False,0.2
59,5,1,full,2-local,metropolis,0.06435535973853779,,False,0.2
60,6,1,full,2-local,metropolis,0.000753039558883728,,False,0.2
61,7,1,full,2-local,metropolis,0.005739247432920647,,False,0.2
62,8,1,full,2-local,metropolis,0.004574037838021794,,False,0.2
63,9,1,full,2-local,metropolis,0.0009570058063385067,,False,0.2
64,10,1,full,2-local,metropolis,0.0013850413183051913,,False,0.2
65,3,1,full,2-local,metropolis,0.7157063234476948,,False,0.2
66,4,1,full,2-local,metropolis,0.018879341361379032,,False,0.2
67,5,1,full,2-local,metropolis,0.0707288070344082,,False,0.2
68,6,1,full,2-local,metropolis,0.04005847087737757,,False,0.2
69,7,1,full,2-local,metropolis,0.04103276825316571,,False,0.2
70,8,1,full,2-local,metropolis,0.009130022506482094,,False,0.2
71,9,1,full,2-local,metropolis,0.005319339247885857,,False,0.2
72,10,1,full,2-local,metropolis,0.0012168777882201054,,False,0.2
73,3,1,full,2-local,metropolis,0.33355836116557125,,False,0.2
74,4,1,full,2-local,metropolis,0.04062730604809284,,False,0.2
75,5,1,full,2-local,metropolis,0.1150482507719599,,False,0.2
76,6,1,full,2-local,metropolis,0.02463624610136239,,False,0.2
77,7,1,full,2-local,metropolis,0.007766994320409615,,False,0.2
78,8,1,full,2-local,metropolis,0.02182753098065493,,False,0.2
79,9,1,full,2-local,metropolis,0.0011604619966972818,,False,0.2
80,10,1,full,2-local,metropolis,5.812538163807446e-05,,False,0.2
81,3,1,full,2-local,metropolis,0.39485196598649364,,False,0.2
82,4,1,full,2-local,metropolis,0.1098393998941869,,False,0.2
83,5,1,full,2-local,metropolis,0.04958574785669756,,False,0.2
84,6,1,full,2-local,metropolis,0.053756779492368345,,False,0.2
85,7,1,full,2-local,metropolis,0.004818523159234367,,False,0.2
86,8,1,full,2-local,metropolis,0.005886365090611023,,False,0.2
87,9,1,full,2-local,metropolis,0.007191440434062946,,False,0.2
88,10,1,full,2-local,metropolis,0.0014743548753111124,,False,0.2
89,3,1,full,2-local,metropolis,0.48692164399985927,,False,0.2
90,4,1,full,2-local,metropolis,0.08527082785139439,,False,0.2
91,5,1,full,2-local,metropolis,0.10998336741707648,,False,0.2
92,6,1,full,2-local,metropolis,0.0070577852641211525,,False,0.2
93,7,1,full,2-local,metropolis,0.026379934666806437,,False,0.2
94,8,1,full,2-local,metropolis,8.064167115806598e-05,,False,0.2
95,9,1,full,2-local,metropolis,0.025556546873900743,,False,0.2
96,10,1,full,2-local,metropolis,0.00084928208037649,,False,0.2
97,3,1,full,2-local,metropolis,0.38180132802116484,,False,0.2
98,4,1,full,2-local,metropolis,0.18808252041829587,,False,0.2
99,5,1,full,2-local,metropolis,0.09069417764733423,,False,0.2
100,6,1,full,2-local,metropolis,0.001479339703074234,,False,0.2
101,7,1,full,2-local,metropolis,0.052819768468303274,,False,0.2
102,8,1,full,2-local,metropolis,0.0015020372020539963,,False,0.2
103,9,1,full,2-local,metropolis,0.002836092130692469,,False,0.2
104,10,1,full,2-local,metropolis,6.478513943375397e-05,,False,0.2
105,3,1,full,2-local,metropolis,0.3361151453823673,,False,0.2
106,4,1,full,2-local,metropolis,0.16469387677913216,,False,0.2
107,5,1,full,2-local,metropolis,0.004016641603005855,,False,0.2
108,6,1,full,2-local,metropolis,0.0007526714053114336,,False,0.2
109,7,1,full,2-local,metropolis,0.0040912781377941965,,False,0.2
110,8,1,full,2-local,metropolis,0.005081783258436445,,False,0.2
111,9,1,full,2-local,metropolis,0.002288056071487188,,False,0.2
112,10,1,full,2-local,metropolis,0.00484574235405566,,False,0.2
113,3,1,full,2-local,metropolis,0.3368921541511727,,False,0.2
114,4,1,full,2-local,metropolis,0.002502840640940862,,False,0.2
115,5,1,full,2-local,metropolis,0.1154700203560981,,False,0.2
116,6,1,full,2-local,metropolis,0.00399664576994041,,False,0.2
117,7,1,full,2-local,metropolis,0.018137495746452736,,False,0.2
118,8,1,full,2-local,metropolis,0.013192777586212845,,False,0.2
119,9,1,full,2-local,metropolis,1.4131772339998072e-05,,False,0.2
120,10,1,full,2-local,metropolis,0.0008893664602953599,,False,0.2
121,3,1,full,2-local,metropolis,0.3727130613319358,,False,0.2
122,4,1,full,2-local,metropolis,0.043859144276087836,,False,0.2
123,5,1,full,2-local,metropolis,0.10051495498102125,,False,0.2
124,6,1,full,2-local,metropolis,0.0511211330653204,,False,0.2
125,7,1,full,2-local,metropolis,0.0043423052265092466,,False,0.2
126,8,1,full,2-local,metropolis,0.04281554446919622,,False,0.2
127,9,1,full,2-local,metropolis,0.005188496610153526,,False,0.2
128,10,1,full,2-local,metropolis,0.0024225087928101408,,False,0.2
129,3,1,full,2-local,metropolis,0.3530490372444648,,False,0.2
130,4,1,full,2-local,metropolis,0.10168736503439035,,False,0.2
131,5,1,full,2-local,metropolis,0.0504190059490468,,False,0.2
132,6,1,full,2-local,metropolis,0.055058028891526334,,False,0.2
133,7,1,full,2-local,metropolis,0.015885246082350202,,False,0.2
134,8,1,full,2-local,metropolis,0.0272663894056141,,False,0.2
135,9,1,full,2-local,metropolis,0.0003803743159915829,,False,0.2
136,10,1,full,2-local,metropolis,0.0018142619918140035,,False,0.2
137,3,1,full,2-local,metropolis,0.3751413800589902,,False,0.2
138,4,1,full,2-local,metropolis,0.16622206202559542,,False,0.2
139,5,1,full,2-local,metropolis,0.044379645911845955,,False,0.2
140,6,1,full,2-local,metropolis,0.024919567257537967,,False,0.2
141,7,1,full,2-local,metropolis,0.02346326940816712,,False,0.2
142,8,1,full,2-local,metropolis,0.005995401455689331,,False,0.2
143,9,1,full,2-local,metropolis,0.007068443031261862,,False,0.2
144,10,1,full,2-local,metropolis,0.00021243380848445792,,False,0.2
145,3,1,full,2-local,metropolis,0.35247407077884585,,False,0.2
146,4,1,full,2-local,metropolis,0.14564408637326687,,False,0.2
147,5,1,full,2-local,metropolis,0.10174740023943751,,False,0.2
148,6,1,full,2-local,metropolis,0.04062056135611669,,False,0.2
149,7,1,full,2-local,metropolis,0.0012527742800809705,,False,0.2
150,8,1,full,2-local,metropolis,0.0016095083076572703,,False,0.2
151,9,1,full,2-local,metropolis,0.0005090891172168099,,False,0.2
152,10,1,full,2-local,metropolis,0.0014287795543473925,,False,0.2
153,3,1,full,2-local,metropolis,0.33363921685686937,,False,0.2
154,4,1,full,2-local,metropolis,0.12362796996642711,,False,0.2
155,5,1,full,2-local,metropolis,0.0015910381843000643,,False,0.2
156,6,1,full,2-local,metropolis,0.06744426363718936,,False,0.2
157,7,1,full,2-local,metropolis,0.019359074055892878,,False,0.2
158,8,1,full,2-local,metropolis,1.7416083051280395e-06,,False,0.2
159,9,1,full,2-local,metropolis,1.0856465675779248e-05,,False,0.2
160,10,1,full,2-local,metropolis,0.00016947054703653208,,False,0.2
161,3,1,full,2-local,metropolis,0.34114736904295095,,False,0.2
162,4,1,full,2-local,metropolis,0.15451199995542964,,False,0.2
163,5,1,full,2-local,metropolis,0.025546550880971353,,False,0.2
164,6,1,full,2-local,metropolis,0.031205966609385793,,False,0.2
165,7,1,full,2-local,metropolis,0.03183099410506296,,False,0.2
166,8,1,full,2-local,metropolis,0.01540968503991269,,False,0.2
167,9,1,full,2-local,metropolis,0.0029073679431714794,,False,0.2
168,10,1,full,2-local,metropolis,0.0004942795964517632,,False,0.2
169,3,1,full,2-local,metropolis,0.5175095666246797,,False,0.2
170,4,1,full,2-local,metropolis,0.08732552000403859,,False,0.2
171,5,1,full,2-local,metropolis,0.08975850602905544,,False,0.2
172,6,1,full,2-local,metropolis,0.058953822992756866,,False,0.2
173,7,1,full,2-local,metropolis,0.015611677379634648,,False,0.2
174,8,1,full,2-local,metropolis,0.0015352749186710035,,False,0.2
175,9,1,full,2-local,metropolis,0.0012255935214013913,,False,0.2
176,10,1,full,2-local,metropolis,0.000868615244664972,,False,0.2
177,3,1,full,2-local,metropolis,0.4591643553020335,,False,0.2
178,4,1,full,2-local,metropolis,0.138355232179604,,False,0.2
179,5,1,full,2-local,metropolis,0.01615458496087796,,False,0.2
180,6,1,full,2-local,metropolis,0.006286538572150446,,False,0.2
181,7,1,full,2-local,metropolis,0.0002461847529953154,,False,0.2
182,8,1,full,2-local,metropolis,0.015685331226954258,,False,0.2
183,9,1,full,2-local,metropolis,0.003939112375015985,,False,0.2
184,10,1,full,2-local,metropolis,0.002310080044014118,,False,0.2
185,3,1,full,2-local,metropolis,0.3370311321245625,,False,0.2
186,4,1,full,2-local,metropolis,0.17246407411624676,,False,0.2
187,5,1,full,2-local,metropolis,0.003306247200690393,,False,0.2
188,6,1,full,2-local,metropolis,0.05164008185482871,,False,0.2
189,7,1,full,2-local,metropolis,0.011441555030005768,,False,0.2
190,8,1,full,2-local,metropolis,0.002226049754585846,,False,0.2
191,9,1,full,2-local,metropolis,0.0012105101431368892,,False,0.2
192,10,1,full,2-local,metropolis,0.0003554218768360151,,False,0.2
193,3,1,full,2-local,metropolis,0.3732307719192405,,False,0.2
194,4,1,full,2-local,metropolis,0.28570376372115325,,False,0.2
195,5,1,full,2-local,metropolis,0.017208941652127274,,False,0.2
196,6,1,full,2-local,metropolis,0.03184819180264742,,False,0.2
197,7,1,full,2-local,metropolis,0.0036620776761379092,,False,0.2
198,8,1,full,2-local,metropolis,0.005582071306529546,,False,0.2
199,9,1,full,2-local,metropolis,0.001290169682962805,,False,0.2
200,10,1,full,2-local,metropolis,0.00011126558466323377,,False,0.2
201,3,1,full,2-local,metropolis,0.3630824079022811,,False,0.2
202,4,1,full,2-local,metropolis,0.16678038743470391,,False,0.2
203,5,1,full,2-local,metropolis,0.05540093413917657,,False,0.2
204,6,1,full,2-local,metropolis,0.04796133908234723,,False,0.2
205,7,1,full,2-local,metropolis,0.0008598220508510002,,False,0.2
206,8,1,full,2-local,metropolis,0.0003428188384434483,,False,0.2
207,9,1,full,2-local,metropolis,0.0018744914477831776,,False,0.2
208,10,1,full,2-local,metropolis,0.00153634215829479,,False,0.2
209,3,1,full,2-local,metropolis,0.3447801011789857,,False,0.2
210,4,1,full,2-local,metropolis,0.1895688301676397,,False,0.2
211,5,1,full,2-local,metropolis,0.025766936793310435,,False,0.2
212,6,1,full,2-local,metropolis,0.00929153517864334,,False,0.2
213,7,1,full,2-local,metropolis,0.003172556742313648,,False,0.2
214,8,1,full,2-local,metropolis,0.023842805773906628,,False,0.2
215,9,1,full,2-local,metropolis,0.0004600401433139112,,False,0.2
216,10,1,full,2-local,metropolis,0.001684974216963342,,False,0.2
217,3,1,full,2-local,metropolis,0.5595447457609236,,False,0.2
218,4,1,full,2-local,metropolis,0.018373144860264423,,False,0.2
219,5,1,full,2-local,metropolis,0.012093861181630805,,False,0.2
220,6,1,full,2-local,metropolis,0.000703591201013043,,False,0.2
221,7,1,full,2-local,metropolis,0.0014762717262267744,,False,0.2
222,8,1,full,2-local,metropolis,0.009282255921971627,,False,0.2
223,9,1,full,2-local,metropolis,0.005686695095582395,,False,0.2
224,10,1,full,2-local,metropolis,0.00047962438022297604,,False,0.2
225,3,1,full,2-local,metropolis,0.372423318185534,,False,0.2
226,4,1,full,2-local,metropolis,0.1637765407479601,,False,0.2
227,5,1,full,2-local,metropolis,0.09398323057416302,,False,0.2
228,6,1,full,2-local,metropolis,0.015339046164767778,,False,0.2
229,7,1,full,2-local,metropolis,0.021357554231907327,,False,0.2
230,8,1,full,2-local,metropolis,5.010157874851817e-05,,False,0.2
231,9,1,full,2-local,metropolis,0.015613339931303427,,False,0.2
232,10,1,full,2-local,metropolis,0.00015224132076385732,,False,0.2
233,3,1,full,2-local,metropolis,0.33372530520569044,,False,0.2
234,4,1,full,2-local,metropolis,0.16150964928361633,,False,0.2
235,5,1,full,2-local,metropolis,0.07581284954834089,,False,0.2
236,6,1,full,2-local,metropolis,0.06479983895270824,,False,0.2
237,7,1,full,2-local,metropolis,0.00565896154332024,,False,0.2
238,8,1,full,2-local,metropolis,0.01862759546848669,,False,0.2
239,9,1,full,2-local,metropolis,0.0017606752267387282,,False,0.2
240,10,1,full,2-local,metropolis,0.01715889869502174,,False,0.2
241,3,1,full,2-local,metropolis,0.3494211143905157,,False,0.2
242,4,1,full,2-local,metropolis,0.12410649620803282,,False,0.2
243,5,1,full,2-local,metropolis,0.0026236471033813658,,False,0.2
244,6,1,full,2-local,metropolis,0.016015784923075982,,False,0.2
245,7,1,full,2-local,metropolis,0.0038847189899318124,,False,0.2
246,8,1,full,2-local,metropolis,0.007082580903526647,,False,0.2
247,9,1,full,2-local,metropolis,0.00031374973891751257,,False,0.2
248,10,1,full,2-local,metropolis,0.0004228648976701832,,False,0.2
249,3,1,full,2-local,metropolis,0.4875774033874123,,False,0.2
250,4,1,full,2-local,metropolis,0.19452686456384416,,False,0.2
251,5,1,full,2-local,metropolis,0.07168162485896934,,False,0.2
252,6,1,full,2-local,metropolis,0.0010192573260339177,,False,0.2
253,7,1,full,2-local,metropolis,4.446978875072283e-05,,False,0.2
254,8,1,full,2-local,metropolis,0.0011075383387489923,,False,0.2
255,9,1,full,2-local,metropolis,0.002477918896846343,,False,0.2
256,10,1,full,2-local,metropolis,0.0007519551107362243,,False,0.2
257,3,1,full,2-local,metropolis,0.39062410978449513,,False,0.2
258,4,1,full,2-local,metropolis,0.17751151677277544,,False,0.2
259,5,1,full,2-local,metropolis,0.0028578848381231037,,False,0.2
260,6,1,full,2-local,metropolis,0.01892396136822838,,False,0.2
261,7,1,full,2-local,metropolis,0.03157224219469734,,False,0.2
262,8,1,full,2-local,metropolis,0.00882727054538568,,False,0.2
263,9,1,full,2-local,metropolis,0.003358411533781247,,False,0.2
264,10,1,full,2-local,metropolis,9.858382545080424e-06,,False,0.2
265,3,1,full,2-local,metropolis,0.43248151291717907,,False,0.2
266,4,1,full,2-local,metropolis,0.027380069424475018,,False,0.2
267,5,1,full,2-local,metropolis,0.00854679572414807,,False,0.2
268,6,1,full,2-local,metropolis,0.06641511987506099,,False,0.2
269,7,1,full,2-local,metropolis,0.03468423835352952,,False,0.2
270,8,1,full,2-local,metropolis,0.0015328007244591602,,False,0.2
271,9,1,full,2-local,metropolis,0.000258091719064768,,False,0.2
272,10,1,full,2-local,metropolis,0.0039231537705191055,,False,0.2
273,3,1,full,2-local,metropolis,0.3407263176626152,,False,0.2
274,4,1,full,2-local,metropolis,0.13187682124001143,,False,0.2
275,5,1,full,2-local,metropolis,0.03998927115880835,,False,0.2
276,6,1,full,2-local,metropolis,0.06108648231515146,,False,0.2
277,7,1,full,2-local,metropolis,0.0010251336806430533,,False,0.2
278,8,1,full,2-local,metropolis,0.015033704019143723,,False,0.2
279,9,1,full,2-local,metropolis,0.001126574194940222,,False,0.2
280,10,1,full,2-local,metropolis,9.659641590042956e-05,,False,0.2
281,3,1,full,2-local,metropolis,0.33523921477295693,,False,0.2
282,4,1,full,2-local,metropolis,0.008128340820490298,,False,0.2
283,5,1,full,2-local,metropolis,0.01731756131864448,,False,0.2
284,6,1,full,2-local,metropolis,0.0005952637942940875,,False,0.2
285,7,1,full,2-local,metropolis,0.011471327151983957,,False,0.2
286,8,1,full,2-local,metropolis,0.014540903446443543,,False,0.2
287,9,1,full,2-local,metropolis,0.0010566170607266834,,False,0.2
288,10,1,full,2-local,metropolis,0.0010919040768055943,,False,0.2
289,3,1,full,2-local,metropolis,0.3377165827949874,,False,0.2
290,4,1,full,2-local,metropolis,0.012044491462820606,,False,0.2
291,5,1,full,2-local,metropolis,0.016115547489750748,,False,0.2
292,6,1,full,2-local,metropolis,0.0045587149174393105,,False,0.2
293,7,1,full,2-local,metropolis,0.000576587877960888,,False,0.2
294,8,1,full,2-local,metropolis,0.0026693840758863496,,False,0.2
295,9,1,full,2-local,metropolis,0.007272394221856993,,False,0.2
296,10,1,full,2-local,metropolis,0.0020868160835237903,,False,0.2
297,3,1,full,2-local,metropolis,0.3596728206614206,,False,0.2
298,4,1,full,2-local,metropolis,0.07293888550258232,,False,0.2
299,5,1,full,2-local,metropolis,0.10553004035401137,,False,0.2
300,6,1,full,2-local,metropolis,0.052965466311255316,,False,0.2
301,7,1,full,2-local,metropolis,0.0026172258405214865,,False,0.2
302,8,1,full,2-local,metropolis,2.3404170895746645e-05,,False,0.2
303,9,1,full,2-local,metropolis,0.0015746042266493454,,False,0.2
304,10,1,full,2-local,metropolis,0.002823733171216869,,False,0.2
305,3,1,full,2-local,metropolis,0.3826315813128025,,False,0.2
306,4,1,full,2-local,metropolis,0.08055557700044358,,False,0.2
307,5,1,full,2-local,metropolis,0.053121882589834524,,False,0.2
308,6,1,full,2-local,metropolis,0.009488863776427436,,False,0.2
309,7,1,full,2-local,metropolis,0.016762624966304318,,False,0.2
310,8,1,full,2-local,metropolis,0.010789358108699632,,False,0.2
311,9,1,full,2-local,metropolis,0.0026045523078632726,,False,0.2
312,10,1,full,2-local,metropolis,0.0001454589424851882,,False,0.2
313,3,1,full,2-local,metropolis,0.3648046121488978,,False,0.2
314,4,1,full,2-local,metropolis,0.1784356296699693,,False,0.2
315,5,1,full,2-local,metropolis,0.05583794661803032,,False,0.2
316,6,1,full,2-local,metropolis,0.014238956716771445,,False,0.2
317,7,1,full,2-local,metropolis,0.0025559426748256175,,False,0.2
318,8,1,full,2-local,metropolis,0.0004915429599533505,,False,0.2
319,9,1,full,2-local,metropolis,5.949988130837802e-05,,False,0.2
320,10,1,full,2-local,metropolis,0.0008645319715177013,,False,0.2
321,3,1,full,2-local,metropolis,0.3334540240820666,,False,0.2
322,4,1,full,2-local,metropolis,0.03972637700712367,,False,0.2
323,5,1,full,2-local,metropolis,0.034986404954840955,,False,0.2
324,6,1,full,2-local,metropolis,0.06889470126914488,,False,0.2
325,7,1,full,2-local,metropolis,0.00011448438297656516,,False,0.2
326,8,1,full,2-local,metropolis,0.036989418321564216,,False,0.2
327,9,1,full,2-local,metropolis,0.0039107704209729865,,False,0.2
328,10,1,full,2-local,metropolis,0.00015487658081281275,,False,0.2
329,3,1,full,2-local,metropolis,0.43384424414658496,,False,0.2
330,4,1,full,2-local,metropolis,0.010031881007485643,,False,0.2
331,5,1,full,2-local,metropolis,0.08554191603068684,,False,0.2
332,6,1,full,2-local,metropolis,0.0013914435303286066,,False,0.2
333,7,1,full,2-local,metropolis,0.0010650054771603745,,False,0.2
334,8,1,full,2-local,metropolis,0.00010559130293552599,,False,0.2
335,9,1,full,2-local,metropolis,0.009423456970891309,,False,0.2
336,10,1,full,2-local,metropolis,5.085345074551384e-05,,False,0.2
337,3,1,full,2-local,metropolis,0.3718888128851038,,False,0.2
338,4,1,full,2-local,metropolis,0.041198460247223734,,False,0.2
339,5,1,full,2-local,metropolis,0.007981330879288984,,False,0.2
340,6,1,full,2-local,metropolis,0.0021449498950800727,,False,0.2
341,7,1,full,2-local,metropolis,0.0010922905089978396,,False,0.2
342,8,1,full,2-local,metropolis,0.004211778699442448,,False,0.2
343,9,1,full,2-local,metropolis,0.024612042737337525,,False,0.2
344,10,1,full,2-local,metropolis,0.00011133713889610597,,False,0.2
345,3,1,full,2-local,metropolis,0.4262449479402458,,False,0.2
346,4,1,full,2-local,metropolis,0.19969232383859092,,False,0.2
347,5,1,full,2-local,metropolis,0.021083832087020804,,False,0.2
348,6,1,full,2-local,metropolis,0.0033418307635484368,,False,0.2
349,7,1,full,2-local,metropolis,0.007248170461346293,,False,0.2
350,8,1,full,2-local,metropolis,0.00048519965696058875,,False,0.2
351,9,1,full,2-local,metropolis,0.00044757598233580165,,False,0.2
352,10,1,full,2-local,metropolis,0.002367295159703131,,False,0.2
353,3,1,full,2-local,metropolis,0.3490018982351124,,False,0.2
354,4,1,full,2-local,metropolis,0.0029058337697920322,,False,0.2
355,5,1,full,2-local,metropolis,0.05659710868927892,,False,0.2
356,6,1,full,2-local,metropolis,0.07386381546624654,,False,0.2
357,7,1,full,2-local,metropolis,0.0011520760754787363,,False,0.2
358,8,1,full,2-local,metropolis,0.0010815170217765013,,False,0.2
359,9,1,full,2-local,metropolis,0.000739260189312696,,False,0.2
360,10,1,full,2-local,metropolis,0.001539652838942196,,False,0.2
361,3,1,full,2-local,metropolis,0.3610855272880169,,False,0.2
362,4,1,full,2-local,metropolis,0.016377755821472384,,False,0.2
363,5,1,full,2-local,metropolis,0.10673014019473603,,False,0.2
364,6,1,full,2-local,metropolis,0.007135044319296124,,False,0.2
365,7,1,full,2-local,metropolis,0.005631948207225457,,False,0.2
366,8,1,full,2-local,metropolis,0.0003212074526326436,,False,0.2
367,9,1,full,2-local,metropolis,0.0006762170296670256,,False,0.2
368,10,1,full,2-local,metropolis,0.0009921216314197068,,False,0.2
369,3,1,full,2-local,metropolis,0.3368224455199226,,False,0.2
370,4,1,full,2-local,metropolis,0.18957848457048776,,False,0.2
371,5,1,full,2-local,metropolis,8.152730432731126e-05,,False,0.2
372,6,1,full,2-local,metropolis,0.005402660367585299,,False,0.2
373,7,1,full,2-local,metropolis,0.0035053392737204314,,False,0.2
374,8,1,full,2-local,metropolis,0.014421484159687803,,False,0.2
375,9,1,full,2-local,metropolis,0.00031128081420772613,,False,0.2
376,10,1,full,2-local,metropolis,0.0004036589423611625,,False,0.2
377,3,1,full,2-local,metropolis,0.3700815521823978,,False,0.2
378,4,1,full,2-local,metropolis,0.0017849460293022368,,False,0.2
379,5,1,full,2-local,metropolis,0.016844870384186805,,False,0.2
380,6,1,full,2-local,metropolis,0.037633845614246764,,False,0.2
381,7,1,full,2-local,metropolis,0.01890663749724175,,False,0.2
382,8,1,full,2-local,metropolis,0.0009709753264176557,,False,0.2
383,9,1,full,2-local,metropolis,9.391543105485844e-05,,False,0.2
384,10,1,full,2-local,metropolis,0.003603565297703004,,False,0.2
385,3,1,full,2-local,metropolis,0.33391804764084854,,False,0.2
386,4,1,full,2-local,metropolis,0.2136781893899119,,False,0.2
387,5,1,full,2-local,metropolis,0.006745211714422328,,False,0.2
388,6,1,full,2-local,metropolis,0.0022920619792098362,,False,0.2
389,7,1,full,2-local,metropolis,0.0008554316304163478,,False,0.2
390,8,1,full,2-local,metropolis,0.003449470595906723,,False,0.2
391,9,1,full,2-local,metropolis,0.003175743385315677,,False,0.2
392,10,1,full,2-local,metropolis,0.0018649481455516037,,False,0.2
393,3,1,full,2-local,metropolis,0.33479666293913435,,False,0.2
394,4,1,full,2-local,metropolis,0.25884072418657633,,False,0.2
395,5,1,full,2-local,metropolis,0.008973174212621005,,False,0.2
396,6,1,full,2-local,metropolis,0.00774945609011124,,False,0.2
397,7,1,full,2-local,metropolis,0.00011665959923012892,,False,0.2
398,8,1,full,2-local,metropolis,9.901662623490459e-05,,False,0.2
399,9,1,full,2-local,metropolis,0.004194159200628378,,False,0.2
400,10,1,full,2-local,metropolis,0.00513581831868859,,False,0.2
401,3,1,full,2-local,metropolis,0.3398728928018464,,False,0.2
402,4,1,full,2-local,metropolis,0.041415670881096545,,False,0.2
403,5,1,full,2-local,metropolis,0.11030476288668223,,False,0.2
404,6,1,full,2-local,metropolis,0.027460693718211138,,False,0.2
405,7,1,full,2-local,metropolis,0.0003739866183014584,,False,0.2
406,8,1,full,2-local,metropolis,0.00018675918456623197,,False,0.2
407,9,1,full,2-local,metropolis,0.0005197451374298057,,False,0.2
408,10,1,full,2-local,metropolis,0.002236320777935341,,False,0.2
409,3,1,full,2-local,metropolis,0.3398846942946129,,False,0.2
410,4,1,full,2-local,metropolis,0.10607654041693348,,False,0.2
411,5,1,full,2-local,metropolis,0.09269136346738249,,False,0.2
412,6,1,full,2-local,metropolis,0.013616409894180337,,False,0.2
413,7,1,full,2-local,metropolis,0.004655460405910583,,False,0.2
414,8,1,full,2-local,metropolis,0.008297373135114361,,False,0.2
415,9,1,full,2-local,metropolis,0.0004943464749211923,,False,0.2
416,10,1,full,2-local,metropolis,0.0005252433286695446,,False,0.2
417,3,1,full,2-local,metropolis,0.3761056821777211,,False,0.2
418,4,1,full,2-local,metropolis,0.0019083484452906418,,False,0.2
419,5,1,full,2-local,metropolis,0.07961694362117577,,False,0.2
420,6,1,full,2-local,metropolis,0.000794361634396501,,False,0.2
421,7,1,full,2-local,metropolis,0.03113021675427663,,False,0.2
422,8,1,full,2-local,metropolis,0.0008508095545837202,,False,0.2
423,9,1,full,2-local,metropolis,0.02893959735742213,,False,0.2
424,10,1,full,2-local,metropolis,0.0015060015687848871,,False,0.2
425,3,1,full,2-local,metropolis,0.38480328632822125,,False,0.2
426,4,1,full,2-local,metropolis,0.017800092115523247,,False,0.2
427,5,1,full,2-local,metropolis,0.011831469248411719,,False,0.2
428,6,1,full,2-local,metropolis,0.00013317823221337122,,False,0.2
429,7,1,full,2-local,metropolis,0.04380084130420392,,False,0.2
430,8,1,full,2-local,metropolis,0.005905342680852521,,False,0.2
431,9,1,full,2-local,metropolis,0.0001295010427825316,,False,0.2
432,10,1,full,2-local,metropolis,2.9530976624503325e-05,,False,0.2
433,3,1,full,2-local,metropolis,0.3530814731556967,,False,0.2
434,4,1,full,2-local,metropolis,0.15534760946898174,,False,0.2
435,5,1,full,2-local,metropolis,0.028071889568249464,,False,0.2
436,6,1,full,2-local,metropolis,0.0011017407623666875,,False,0.2
437,7,1,full,2-local,metropolis,0.002518144554673807,,False,0.2
438,8,1,full,2-local,metropolis,0.0003738798500617646,,False,0.2
439,9,1,full,2-local,metropolis,0.004360061535984783,,False,0.2
440,10,1,full,2-local,metropolis,0.00024760641999088673,,False,0.2
441,3,1,full,2-local,metropolis,0.36718959415252916,,False,0.2
442,4,1,full,2-local,metropolis,0.1586230214934865,,False,0.2
443,5,1,full,2-local,metropolis,0.09679076768880057,,False,0.2
444,6,1,full,2-local,metropolis,0.041719844840440334,,False,0.2
445,7,1,full,2-local,metropolis,0.006814511884381869,,False,0.2
446,8,1,full,2-local,metropolis,0.014731404232004142,,False,0.2
447,9,1,full,2-local,metropolis,0.000273952025837354,,False,0.2
448,10,1,full,2-local,metropolis,7.480817653560123e-06,,False,0.2
449,3,1,full,2-local,metropolis,0.35756517715482283,,False,0.2
450,4,1,full,2-local,metropolis,0.11584974576450491,,False,0.2
451,5,1,full,2-local,metropolis,0.04067413190611968,,False,0.2
452,6,1,full,2-local,metropolis,0.00045326535819079083,,False,0.2
453,7,1,full,2-local,metropolis,0.004423385424178861,,False,0.2
454,8,1,full,2-local,metropolis,0.009119597600457663,,False,0.2
455,9,1,full,2-local,metropolis,0.00020150884672709424,,False,0.2
456,10,1,full,2-local,metropolis,0.0022813107515959885,,False,0.2
457,3,1,full,2-local,metropolis,0.4067621954585129,,False,0.2
458,4,1,full,2-local,metropolis,0.10979376606152924,,False,0.2
459,5,1,full,2-local,metropolis,0.061981432077453436,,False,0.2
460,6,1,full,2-local,metropolis,0.0036365445621602266,,False,0.2
461,7,1,full,2-local,metropolis,3.093686439581411e-05,,False,0.2
462,8,1,full,2-local,metropolis,0.048991774824932,,False,0.2
463,9,1,full,2-local,metropolis,0.0001796123010588957,,False,0.2
464,10,1,full,2-local,metropolis,4.6427217750721894e-05,,False,0.2
465,3,1,full,2-local,metropolis,0.3791959109023936,,False,0.2
466,4,1,full,2-local,metropolis,0.19263384740373557,,False,0.2
467,5,1,full,2-local,metropolis,0.021234030414569283,,False,0.2
468,6,1,full,2-local,metropolis,0.0021309371321360793,,False,0.2
469,7,1,full,2-local,metropolis,0.034559626019896594,,False,0.2
470,8,1,full,2-local,metropolis,0.0015639644145879483,,False,0.2
471,9,1,full,2-local,metropolis,0.0018044872101423692,,False,0.2
472,10,1,full,2-local,metropolis,0.0031759704892629914,,False,0.2
473,3,1,full,2-local,metropolis,0.36882793449698403,,False,0.2
474,4,1,full,2-local,metropolis,0.03320693851271639,,False,0.2
475,5,1,full,2-local,metropolis,0.016146154687661562,,False,0.2
476,6,1,full,2-local,metropolis,0.010991008057812834,,False,0.2
477,7,1,full,2-local,metropolis,0.002613745302795012,,False,0.2
478,8,1,full,2-local,metropolis,0.0003872129473302399,,False,0.2
479,9,1,full,2-local,metropolis,0.0013688251732326684,,False,0.2
480,10,1,full,2-local,metropolis,0.00030299118591559093,,False,0.2
481,3,1,full,2-local,metropolis,0.33948706894630454,,False,0.2
482,4,1,full,2-local,metropolis,0.31819726098369605,,False,0.2
483,5,1,full,2-local,metropolis,0.0802905133702172,,False,0.2
484,6,1,full,2-local,metropolis,0.006792634799507535,,False,0.2
485,7,1,full,2-local,metropolis,0.00028884597904932363,,False,0.2
486,8,1,full,2-local,metropolis,0.00015946110662989899,,False,0.2
487,9,1,full,2-local,metropolis,0.00019363407057415571,,False,0.2
488,10,1,full,2-local,metropolis,0.013326647214213061,,False,0.2
489,3,1,full,2-local,metropolis,0.3499765931012977,,False,0.2
490,4,1,full,2-local,metropolis,0.06687032148526384,,False,0.2
491,5,1,full,2-local,metropolis,0.042642642448803336,,False,0.2
492,6,1,full,2-local,metropolis,0.08577308185485433,,False,0.2
493,7,1,full,2-local,metropolis,0.0077930759971091,,False,0.2
494,8,1,full,2-local,metropolis,0.005677602397520243,,False,0.2
495,9,1,full,2-local,metropolis,2.654499321230741e-05,,False,0.2
496,10,1,full,2-local,metropolis,0.0002344138208879576,,False,0.2
497,3,1,full,2-local,metropolis,0.44950166652289114,,False,0.2
498,4,1,full,2-local,metropolis,0.12078886690112067,,False,0.2
499,5,1,full,2-local,metropolis,0.0007131074370650969,,False,0.2
500,6,1,full,2-local,metropolis,0.06623749235684873,,False,0.2
501,7,1,full,2-local,metropolis,0.007238179466712236,,False,0.2
502,8,1,full,2-local,metropolis,0.000601342212058209,,False,0.2
503,9,1,full,2-local,metropolis,0.00018491981696788784,,False,0.2
504,10,1,full,2-local,metropolis,0.0019587271640552073,,False,0.2
505,3,1,full,2-local,metropolis,0.5900035628025635,,False,0.2
506,4,1,full,2-local,metropolis,0.10423386443233751,,False,0.2
507,5,1,full,2-local,metropolis,0.02316146591439905,,False,0.2
508,6,1,full,2-local,metropolis,0.005558135204056125,,False,0.2
509,7,1,full,2-local,metropolis,0.027901847689853376,,False,0.2
510,8,1,full,2-local,metropolis,0.018742537676620263,,False,0.2
511,9,1,full,2-local,metropolis,0.0002904424072590617,,False,0.2
512,10,1,full,2-local,metropolis,0.0004355788067482713,,False,0.2
513,3,1,full,2-local,metropolis,0.5624076033624041,,False,0.2
514,4,1,full,2-local,metropolis,0.18560641370060327,,False,0.2
515,5,1,full,2-local,metropolis,0.0014599648574202817,,False,0.2
516,6,1,full,2-local,metropolis,0.03069468031831013,,False,0.2
517,7,1,full,2-local,metropolis,0.001791518920377877,,False,0.2
518,8,1,full,2-local,metropolis,0.00039063592614996256,,False,0.2
519,9,1,full,2-local,metropolis,0.006784861452327484,,False,0.2
520,10,1,full,2-local,metropolis,5.159277989352784e-05,,False,0.2
521,3,1,full,2-local,metropolis,0.42086332479665334,,False,0.2
522,4,1,full,2-local,metropolis,0.11339172876662751,,False,0.2
523,5,1,full,2-local,metropolis,0.13700012451296095,,False,0.2
524,6,1,full,2-local,metropolis,0.0012585481712816815,,False,0.2
525,7,1,full,2-local,metropolis,0.03754746039931944,,False,0.2
526,8,1,full,2-local,metropolis,0.000864780676038901,,False,0.2
527,9,1,full,2-local,metropolis,0.0002706484833577827,,False,0.2
528,10,1,full,2-local,metropolis,5.880180936090884e-05,,False,0.2
529,3,1,full,2-local,metropolis,0.3590964618409367,,False,0.2
530,4,1,full,2-local,metropolis,0.1340376043249436,,False,0.2
531,5,1,full,2-local,metropolis,0.037204553678628516,,False,0.2
532,6,1,full,2-local,metropolis,0.06893864055392618,,False,0.2
533,7,1,full,2-local,metropolis,0.0025774909053855044,,False,0.2
534,8,1,full,2-local,metropolis,0.02451030409828392,,False,0.2
535,9,1,full,2-local,metropolis,0.0009703429476733971,,False,0.2
536,10,1,full,2-local,metropolis,0.0004952369919364319,,False,0.2
537,3,1,full,2-local,metropolis,0.39248357461310146,,False,0.2
538,4,1,full,2-local,metropolis,0.04929047481146598,,False,0.2
539,5,1,full,2-local,metropolis,0.04482136451838392,,False,0.2
540,6,1,full,2-local,metropolis,0.0005919652951806853,,False,0.2
541,7,1,full,2-local,metropolis,0.001583245803556288,,False,0.2
542,8,1,full,2-local,metropolis,0.00016344973810744623,,False,0.2
543,9,1,full,2-local,metropolis,0.0037886344798431226,,False,0.2
544,10,1,full,2-local,metropolis,9.948833082928932e-05,,False,0.2
545,3,1,full,2-local,metropolis,0.3460321696710903,,False,0.2
546,4,1,full,2-local,metropolis,0.18086014750930623,,False,0.2
547,5,1,full,2-local,metropolis,0.03739048872203621,,False,0.2
548,6,1,full,2-local,metropolis,0.0005563376798867203,,False,0.2
549,7,1,full,2-local,metropolis,0.008234619925866715,,False,0.2
550,8,1,full,2-local,metropolis,0.0007967846063454687,,False,0.2
551,9,1,full,2-local,metropolis,0.002849463052674861,,False,0.2
552,10,1,full,2-local,metropolis,0.0003134625787437617,,False,0.2
553,3,1,full,2-local,metropolis,0.34852928959054996,,False,0.2
554,4,1,full,2-local,metropolis,0.08869299506980122,,False,0.2
555,5,1,full,2-local,metropolis,0.002485298856898299,,False,0.2
556,6,1,full,2-local,metropolis,0.00110218527011674,,False,0.2
557,7,1,full,2-local,metropolis,0.01311955954188182,,False,0.2
558,8,1,full,2-local,metropolis,0.004210668213265878,,False,0.2
559,9,1,full,2-local,metropolis,0.0006023620010274788,,False,0.2
560,10,1,full,2-local,metropolis,6.109281533661637e-05,,False,0.2
561,3,1,full,2-local,metropolis,0.6179489304129806,,False,0.2
562,4,1,full,2-local,metropolis,0.0199986088592915,,False,0.2
563,5,1,full,2-local,metropolis,0.027967236419060515,,False,0.2
564,6,1,full,2-local,metropolis,0.0024803849706189762,,False,0.2
565,7,1,full,2-local,metropolis,2.675145966146708e-05,,False,0.2
566,8,1,full,2-local,metropolis,2.211195536228061e-06,,False,0.2
567,9,1,full,2-local,metropolis,0.01701829117711895,,False,0.2
568,10,1,full,2-local,metropolis,0.003941831000724538,,False,0.2
569,3,1,full,2-local,metropolis,0.3767236339050365,,False,0.2
570,4,1,full,2-local,metropolis,0.11722016846533401,,False,0.2
571,5,1,full,2-local,metropolis,0.035536534405492315,,False,0.2
572,6,1,full,2-local,metropolis,0.0014711891403227373,,False,0.2
573,7,1,full,2-local,metropolis,0.005758282790139457,,False,0.2
574,8,1,full,2-local,metropolis,0.03446805335020764,,False,0.2
575,9,1,full,2-local,metropolis,0.0022507161642357776,,False,0.2
576,10,1,full,2-local,metropolis,0.0013548230463041877,,False,0.2
577,3,1,full,2-local,metropolis,0.3694226970537354,,False,0.2
578,4,1,full,2-local,metropolis,0.10533578069006588,,False,0.2
579,5,1,full,2-local,metropolis,0.03700702475508055,,False,0.2
580,6,1,full,2-local,metropolis,0.012743357296088331,,False,0.2
581,7,1,full,2-local,metropolis,0.0010280754122653502,,False,0.2
582,8,1,full,2-local,metropolis,0.0038883644994318622,,False,0.2
583,9,1,full,2-local,metropolis,2.3951710472092103e-05,,False,0.2
584,10,1,full,2-local,metropolis,0.0007854426837298201,,False,0.2
585,3,1,full,2-local,metropolis,0.457768883466787,,False,0.2
586,4,1,full,2-local,metropolis,0.006314039859580012,,False,0.2
587,5,1,full,2-local,metropolis,0.01011700129386861,,False,0.2
588,6,1,full,2-local,metropolis,0.0005000549440555835,,False,0.2
589,7,1,full,2-local,metropolis,0.0006299471919850586,,False,0.2
590,8,1,full,2-local,metropolis,0.009989334831985608,,False,0.2
591,9,1,full,2-local,metropolis,1.485166362591439e-05,,False,0.2
592,10,1,full,2-local,metropolis,0.00021163319523376245,,False,0.2
593,3,1,full,2-local,metropolis,0.33385040263163557,,False,0.2
594,4,1,full,2-local,metropolis,0.17336277362120522,,False,0.2
595,5,1,full,2-local,metropolis,0.044080705831652356,,False,0.2
596,6,1,full,2-local,metropolis,0.04750057966040444,,False,0.2
597,7,1,full,2-local,metropolis,0.017465690478164708,,False,0.2
598,8,1,full,2-local,metropolis,0.0011768399369267435,,False,0.2
599,9,1,full,2-local,metropolis,5.4375706191267525e-05,,False,0.2
600,10,1,full,2-local,metropolis,0.00041365575292928725,,False,0.2
601,3,1,full,2-local,metropolis,0.3625726285409445,,False,0.2
602,4,1,full,2-local,metropolis,0.1724548370704595,,False,0.2
603,5,1,full,2-local,metropolis,0.0024106752221086936,,False,0.2
604,6,1,full,2-local,metropolis,0.05930529210244262,,False,0.2
605,7,1,full,2-local,metropolis,0.000463860117916437,,False,0.2
606,8,1,full,2-local,metropolis,0.0048379855534042004,,False,0.2
607,9,1,full,2-local,metropolis,0.00044063287296358666,,False,0.2
608,10,1,full,2-local,metropolis,0.0018029049974038758,,False,0.2
609,3,1,full,2-local,metropolis,0.41680568591529277,,False,0.2
610,4,1,full,2-local,metropolis,0.1140811526444736,,False,0.2
611,5,1,full,2-local,metropolis,0.0014956123135425603,,False,0.2
612,6,1,full,2-local,metropolis,0.06664162761935322,,False,0.2
613,7,1,full,2-local,metropolis,0.012508049700826973,,False,0.2
614,8,1,full,2-local,metropolis,0.02117943094153274,,False,0.2
615,9,1,full,2-local,metropolis,0.0027756270413004103,,False,0.2
616,10,1,full,2-local,metropolis,4.3865286569966244e-05,,False,0.2
617,3,1,full,2-local,metropolis,0.34511292904491375,,False,0.2
618,4,1,full,2-local,metropolis,0.09600197115420239,,False,0.2
619,5,1,full,2-local,metropolis,0.06531072818569617,,False,0.2
620,6,1,full,2-local,metropolis,0.06814980687118144,,False,0.2
621,7,1,full,2-local,metropolis,0.008698778716921707,,False,0.2
622,8,1,full,2-local,metropolis,0.004906180744332578,,False,0.2
623,9,1,full,2-local,metropolis,0.006031014359897391,,False,0.2
624,10,1,full,2-local,metropolis,0.0003253744832156791,,False,0.2
625,3,1,full,2-local,metropolis,0.38794600431045834,,False,0.2
626,4,1,full,2-local,metropolis,0.17342833794603085,,False,0.2
627,5,1,full,2-local,metropolis,0.09803280339852294,,False,0.2
628,6,1,full,2-local,metropolis,0.021260443976123033,,False,0.2
629,7,1,full,2-local,metropolis,0.00043671860823524256,,False,0.2
630,8,1,full,2-local,metropolis,0.003515658519381626,,False,0.2
631,9,1,full,2-local,metropolis,0.0024773940863328514,,False,0.2
632,10,1,full,2-local,metropolis,0.0005063090719286123,,False,0.2
633,3,1,full,2-local,metropolis,0.33543080652160007,,False,0.2
634,4,1,full,2-local,metropolis,0.16926189700472682,,False,0.2
635,5,1,full,2-local,metropolis,0.08827191262845746,,False,0.2
636,6,1,full,2-local,metropolis,0.00673341309590425,,False,0.2
637,7,1,full,2-local,metropolis,0.020067048179765568,,False,0.2
638,8,1,full,2-local,metropolis,0.004503156582719603,,False,0.2
639,9,1,full,2-local,metropolis,0.0007228784256998466,,False,0.2
640,10,1,full,2-local,metropolis,0.001788579727395767,,False,0.2
641,3,1,full,2-local,metropolis,0.45358845829704086,,False,0.2
642,4,1,full,2-local,metropolis,0.18031714749000038,,False,0.2
643,5,1,full,2-local,metropolis,0.10063290568963068,,False,0.2
644,6,1,full,2-local,metropolis,0.024826553455008726,,False,0.2
645,7,1,full,2-local,metropolis,0.04763453920758964,,False,0.2
646,8,1,full,2-local,metropolis,0.0012399559807112492,,False,0.2
647,9,1,full,2-local,metropolis,0.005811298772024687,,False,0.2
648,10,1,full,2-local,metropolis,0.000393026822352871,,False,0.2
649,3,1,full,2-local,metropolis,0.355023579610524,,False,0.2
650,4,1,full,2-local,metropolis,0.1457988525679963,,False,0.2
651,5,1,full,2-local,metropolis,0.09187011772538378,,False,0.2
652,6,1,full,2-local,metropolis,0.020697317501160994,,False,0.2
653,7,1,full,2-local,metropolis,0.00024714759873201153,,False,0.2
654,8,1,full,2-local,metropolis,0.003072847930569278,,False,0.2
655,9,1,full,2-local,metropolis,0.0010917682472650903,,False,0.2
656,10,1,full,2-local,metropolis,4.15175003813939e-05,,False,0.2
657,3,1,full,2-local,metropolis,0.4022757182886749,,False,0.2
658,4,1,full,2-local,metropolis,0.14284141517527615,,False,0.2
659,5,1,full,2-local,metropolis,0.05270202877638641,,False,0.2
660,6,1,full,2-local,metropolis,0.01596487859007023,,False,0.2
661,7,1,full,2-local,metropolis,0.028631798117790153,,False,0.2
662,8,1,full,2-local,metropolis,0.017487933662260646,,False,0.2
663,9,1,full,2-local,metropolis,0.0029366169461400027,,False,0.2
664,10,1,full,2-local,metropolis,6.224542439170477e-05,,False,0.2
665,3,1,full,2-local,metropolis,0.5520245015720671,,False,0.2
666,4,1,full,2-local,metropolis,0.02558535425249353,,False,0.2
667,5,1,full,2-local,metropolis,0.02062233964981086,,False,0.2
668,6,1,full,2-local,metropolis,0.057860319736862675,,False,0.2
669,7,1,full,2-local,metropolis,0.006149096499243667,,False,0.2
670,8,1,full,2-local,metropolis,0.005034590806655359,,False,0.2
671,9,1,full,2-local,metropolis,0.0019479897100243004,,False,0.2
672,10,1,full,2-local,metropolis,3.415358864433671e-05,,False,0.2
673,3,1,full,2-local,metropolis,0.36245950186801035,,False,0.2
674,4,1,full,2-local,metropolis,0.004375121885661137,,False,0.2
675,5,1,full,2-local,metropolis,0.024700552327887593,,False,0.2
676,6,1,full,2-local,metropolis,0.045401687602931395,,False,0.2
677,7,1,full,2-local,metropolis,0.01871660784101903,,False,0.2
678,8,1,full,2-local,metropolis,0.0006730369924853319,,False,0.2
679,9,1,full,2-local,metropolis,0.0005197875167299859,,False,0.2
680,10,1,full,2-local,metropolis,0.00041069444297137103,,False,0.2
681,3,1,full,2-local,metropolis,0.3484599636504607,,False,0.2
682,4,1,full,2-local,metropolis,0.18484695305565024,,False,0.2
683,5,1,full,2-local,metropolis,0.12280639519676984,,False,0.2
684,6,1,full,2-local,metropolis,0.027659801784942983,,False,0.2
685,7,1,full,2-local,metropolis,0.005598630289024631,,False,0.2
686,8,1,full,2-local,metropolis,0.038703254838843515,,False,0.2
687,9,1,full,2-local,metropolis,0.0012332541953867793,,False,0.2
688,10,1,full,2-local,metropolis,7.079655915731564e-06,,False,0.2
689,3,1,full,2-local,metropolis,0.34393123242548596,,False,0.2
690,4,1,full,2-local,metropolis,0.010380633562253494,,False,0.2
691,5,1,full,2-local,metropolis,0.013856448993310622,,False,0.2
692,6,1,full,2-local,metropolis,0.0003570122968772349,,False,0.2
693,7,1,full,2-local,metropolis,0.01244241295461368,,False,0.2
694,8,1,full,2-local,metropolis,0.001022210203116991,,False,0.2
695,9,1,full,2-local,metropolis,9.826420981351447e-07,,False,0.2
696,10,1,full,2-local,metropolis,0.0005951157149514108,,False,0.2
697,3,1,full,2-local,metropolis,0.593322958103961,,False,0.2
698,4,1,full,2-local,metropolis,0.17053219969124833,,False,0.2
699,5,1,full,2-local,metropolis,0.11745128371379165,,False,0.2
700,6,1,full,2-local,metropolis,0.0027004652456829037,,False,0.2
701,7,1,full,2-local,metropolis,0.012378755859833945,,False,0.2
702,8,1,full,2-local,metropolis,0.023615137683649978,,False,0.2
703,9,1,full,2-local,metropolis,0.0009437865629744469,,False,0.2
704,10,1,full,2-local,metropolis,8.683134290365935e-05,,False,0.2
705,3,1,full,2-local,metropolis,0.3568165923795308,,False,0.2
706,4,1,full,2-local,metropolis,0.1765698355548444,,False,0.2
707,5,1,full,2-local,metropolis,0.06594026954410759,,False,0.2
708,6,1,full,2-local,metropolis,0.04153264369620169,,False,0.2
709,7,1,full,2-local,metropolis,0.0018370757221303213,,False,0.2
710,8,1,full,2-local,metropolis,0.03762344971536635,,False,0.2
711,9,1,full,2-local,metropolis,0.004869793693997093,,False,0.2
712,10,1,full,2-local,metropolis,0.0011229815689404177,,False,0.2
713,3,1,full,2-local,metropolis,0.37592655618395454,,False,0.2
714,4,1,full,2-local,metropolis,0.10677819186654935,,False,0.2
715,5,1,full,2-local,metropolis,0.09955137387121116,,False,0.2
716,6,1,full,2-local,metropolis,0.007432948037365383,,False,0.2
717,7,1,full,2-local,metropolis,0.0126757298060034,,False,0.2
718,8,1,full,2-local,metropolis,0.004346902985612577,,False,0.2
719,9,1,full,2-local,metropolis,0.006038507954886252,,False,0.2
720,10,1,full,2-local,metropolis,0.0007591680269081191,,False,0.2
721,3,1,full,2-local,metropolis,0.3710285697606296,,False,0.2
722,4,1,full,2-local,metropolis,0.18274293902981475,,False,0.2
723,5,1,full,2-local,metropolis,0.0912299613378933,,False,0.2
724,6,1,full,2-local,metropolis,0.0010993011646542872,,False,0.2
725,7,1,full,2-local,metropolis,0.01627543674660148,,False,0.2
726,8,1,full,2-local,metropolis,0.0019010573052344881,,False,0.2
727,9,1,full,2-local,metropolis,0.0006690542892932028,,False,0.2
728,10,1,full,2-local,metropolis,0.0002643067315345471,,False,0.2
729,3,1,full,2-local,metropolis,0.34691196761232446,,False,0.2
730,4,1,full,2-local,metropolis,0.13099707569043773,,False,0.2
731,5,1,full,2-local,metropolis,0.10671727803160147,,False,0.2
732,6,1,full,2-local,metropolis,0.053827088993979255,,False,0.2
733,7,1,full,2-local,metropolis,0.002895788336200855,,False,0.2
734,8,1,full,2-local,metropolis,0.018809805417640546,,False,0.2
735,9,1,full,2-local,metropolis,0.0007748988734205264,,False,0.2
736,10,1,full,2-local,metropolis,0.00025176992412068167,,False,0.2
737,3,1,full,2-local,metropolis,0.49547595091770524,,False,0.2
738,4,1,full,2-local,metropolis,0.13969260773320902,,False,0.2
739,5,1,full,2-local,metropolis,0.12133070134210622,,False,0.2
740,6,1,full,2-local,metropolis,0.01683957387256141,,False,0.2
741,7,1,full,2-local,metropolis,0.00023697175459846953,,False,0.2
742,8,1,full,2-local,metropolis,0.03499434573190907,,False,0.2
743,9,1,full,2-local,metropolis,0.00011596036421268607,,False,0.2
744,10,1,full,2-local,metropolis,0.0003120349016365598,,False,0.2
745,3,1,full,2-local,metropolis,0.3428749172502483,,False,0.2
746,4,1,full,2-local,metropolis,0.0690828906412182,,False,0.2
747,5,1,full,2-local,metropolis,0.027413862327360317,,False,0.2
748,6,1,full,2-local,metropolis,0.011769295303574623,,False,0.2
749,7,1,full,2-local,metropolis,0.002978305335160414,,False,0.2
750,8,1,full,2-local,metropolis,0.005370497535046148,,False,0.2
751,9,1,full,2-local,metropolis,1.3281779192908516e-05,,False,0.2
752,10,1,full,2-local,metropolis,0.0024453157769223077,,False,0.2
753,3,1,full,2-local,metropolis,0.3504945310919364,,False,0.2
754,4,1,full,2-local,metropolis,0.19567515103506017,,False,0.2
755,5,1,full,2-local,metropolis,0.05393722470355611,,False,0.2
756,6,1,full,2-local,metropolis,0.009182672072896025,,False,0.2
757,7,1,full,2-local,metropolis,0.0071505347002160935,,False,0.2
758,8,1,full,2-local,metropolis,4.4522189388218614e-05,,False,0.2
759,9,1,full,2-local,metropolis,2.2263120460497277e-06,,False,0.2
760,10,1,full,2-local,metropolis,0.006383585333248454,,False,0.2
761,3,1,full,2-local,metropolis,0.378257400502803,,False,0.2
762,4,1,full,2-local,metropolis,0.06332325902020808,,False,0.2
763,5,1,full,2-local,metropolis,0.014846200791950315,,False,0.2
764,6,1,full,2-local,metropolis,0.06350357577875576,,False,0.2
765,7,1,full,2-local,metropolis,0.023633062108597613,,False,0.2
766,8,1,full,2-local,metropolis,0.000298654024015077,,False,0.2
767,9,1,full,2-local,metropolis,0.00031384841924453344,,False,0.2
768,10,1,full,2-local,metropolis,0.004328827643389821,,False,0.2
769,3,1,full,2-local,metropolis,0.337084385202437,,False,0.2
770,4,1,full,2-local,metropolis,0.17465624844826688,,False,0.2
771,5,1,full,2-local,metropolis,0.009669582865473147,,False,0.2
772,6,1,full,2-local,metropolis,0.010875283488467558,,False,0.2
773,7,1,full,2-local,metropolis,0.03699040603400172,,False,0.2
774,8,1,full,2-local,metropolis,0.004658814907986919,,False,0.2
775,9,1,full,2-local,metropolis,0.002852805735567232,,False,0.2
776,10,1,full,2-local,metropolis,0.0052336668875390124,,False,0.2
777,3,1,full,2-local,metropolis,0.38045362182373144,,False,0.2
778,4,1,full,2-local,metropolis,0.017868637057728343,,False,0.2
779,5,1,full,2-local,metropolis,0.08977081498077422,,False,0.2
780,6,1,full,2-local,metropolis,0.06878578506874067,,False,0.2
781,7,1,full,2-local,metropolis,0.0036293481606410882,,False,0.2
782,8,1,full,2-local,metropolis,8.41443118759777e-05,,False,0.2
783,9,1,full,2-local,metropolis,0.003169573484411714,,False,0.2
784,10,1,full,2-local,metropolis,0.002727119179491755,,False,0.2
785,3,1,full,2-local,metropolis,0.347565453440972,,False,0.2
786,4,1,full,2-local,metropolis,0.16779287451622682,,False,0.2
787,5,1,full,2-local,metropolis,0.021037195047314494,,False,0.2
788,6,1,full,2-local,metropolis,0.08046521389473371,,False,0.2
789,7,1,full,2-local,metropolis,0.006947860214227886,,False,0.2
790,8,1,full,2-local,metropolis,0.003089215047355376,,False,0.2
791,9,1,full,2-local,metropolis,0.001963232919356628,,False,0.2
792,10,1,full,2-local,metropolis,0.003916403318299122,,False,0.2
793,3,1,full,2-local,metropolis,0.5577628349036494,,False,0.2
794,4,1,full,2-local,metropolis,0.0013260190002477579,,False,0.2
795,5,1,full,2-local,metropolis,0.02114710396309616,,False,0.2
796,6,1,full,2-local,metropolis,0.058634527072806364,,False,0.2
797,7,1,full,2-local,metropolis,0.020359949816677547,,False,0.2
798,8,1,full,2-local,metropolis,0.00024218983352075618,,False,0.2
799,9,1,full,2-local,metropolis,0.0005911620228994385,,False,0.2
800,10,1,full,2-local,metropolis,0.00019122862636300475,,False,0.2
801,3,1,full,2-local,metropolis,0.3464072894617106,,False,0.2
802,4,1,full,2-local,metropolis,0.16927020395416748,,False,0.2
803,5,1,full,2-local,metropolis,0.06535110796155008,,False,0.2
804,6,1,full,2-local,metropolis,0.0008677449849975316,,False,0.2
805,7,1,full,2-local,metropolis,0.0038400406426837286,,False,0.2
806,8,1,full,2-local,metropolis,0.007266073607128387,,False,0.2
807,9,1,full,2-local,metropolis,0.002171522744117693,,False,0.2
808,10,1,full,2-local,metropolis,6.183527676539846e-05,,False,0.2
809,3,1,full,2-local,metropolis,0.3578074359659952,,False,0.2
810,4,1,full,2-local,metropolis,0.16509463985317596,,False,0.2
811,5,1,full,2-local,metropolis,0.019211839637242267,,False,0.2
812,6,1,full,2-local,metropolis,0.012338812561327406,,False,0.2
813,7,1,full,2-local,metropolis,0.024099338773412304,,False,0.2
814,8,1,full,2-local,metropolis,0.016593701962601237,,False,0.2
815,9,1,full,2-local,metropolis,0.0005586860367238211,,False,0.2
816,10,1,full,2-local,metropolis,3.6709587910133124e-05,,False,0.2
817,3,1,full,2-local,metropolis,0.34459586870096415,,False,0.2
818,4,1,full,2-local,metropolis,0.007273885163529337,,False,0.2
819,5,1,full,2-local,metropolis,0.09871423304543703,,False,0.2
820,6,1,full,2-local,metropolis,0.0014282067592661374,,False,0.2
821,7,1,full,2-local,metropolis,0.013695682306957169,,False,0.2
822,8,1,full,2-local,metropolis,8.916058764163459e-05,,False,0.2
823,9,1,full,2-local,metropolis,0.00024176945472376143,,False,0.2
824,10,1,full,2-local,metropolis,0.0009865868731850913,,False,0.2
825,3,1,full,2-local,metropolis,0.4585732049326795,,False,0.2
826,4,1,full,2-local,metropolis,0.1523622885934417,,False,0.2
827,5,1,full,2-local,metropolis,0.14942581924737786,,False,0.2
828,6,1,full,2-local,metropolis,0.01044383921649139,,False,0.2
829,7,1,full,2-local,metropolis,0.0035416474518188412,,False,0.2
830,8,1,full,2-local,metropolis,0.0019499377169496235,,False,0.2
831,9,1,full,2-local,metropolis,1.0247420073161706e-05,,False,0.2
832,10,1,full,2-local,metropolis,0.00019077044349502525,,False,0.2
833,3,1,full,2-local,metropolis,0.3337495670234204,,False,0.2
834,4,1,full,2-local,metropolis,0.14123273842636297,,False,0.2
835,5,1,full,2-local,metropolis,0.0030879930634404307,,False,0.2
836,6,1,full,2-local,metropolis,0.00442877113552842,,False,0.2
837,7,1,full,2-local,metropolis,0.00022304685920060408,,False,0.2
838,8,1,full,2-local,metropolis,0.0081149065681565,,False,0.2
839,9,1,full,2-local,metropolis,0.00028791410529993566,,False,0.2
840,10,1,full,2-local,metropolis,0.00031527316929302884,,False,0.2
841,3,1,full,2-local,metropolis,0.34820865310196336,,False,0.2
842,4,1,full,2-local,metropolis,0.1513479674535062,,False,0.2
843,5,1,full,2-local,metropolis,0.06466939833472407,,False,0.2
844,6,1,full,2-local,metropolis,0.05080490871091892,,False,0.2
845,7,1,full,2-local,metropolis,1.53336631523171e-05,,False,0.2
846,8,1,full,2-local,metropolis,0.0005326136820134053,,False,0.2
847,9,1,full,2-local,metropolis,0.004940415542556753,,False,0.2
848,10,1,full,2-local,metropolis,0.0008595148108291317,,False,0.2
849,3,1,full,2-local,metropolis,0.34505146089575955,,False,0.2
850,4,1,full,2-local,metropolis,0.09339045080288322,,False,0.2
851,5,1,full,2-local,metropolis,0.026457462838592183,,False,0.2
852,6,1,full,2-local,metropolis,0.05319023115982935,,False,0.2
853,7,1,full,2-local,metropolis,0.0008823670379612958,,False,0.2
854,8,1,full,2-local,metropolis,0.0008691463988983461,,False,0.2
855,9,1,full,2-local,metropolis,0.010550946981532583,,False,0.2
856,10,1,full,2-local,metropolis,9.625095021315033e-05,,False,0.2
857,3,1,full,2-local,metropolis,0.37163200604540225,,False,0.2
858,4,1,full,2-local,metropolis,0.16323566258408206,,False,0.2
859,5,1,full,2-local,metropolis,0.05311487309049279,,False,0.2
860,6,1,full,2-local,metropolis,0.0056976428613317864,,False,0.2
861,7,1,full,2-local,metropolis,0.0027206900713461213,,False,0.2
862,8,1,full,2-local,metropolis,0.0009483897477896575,,False,0.2
863,9,1,full,2-local,metropolis,0.006745160269260975,,False,0.2
864,10,1,full,2-local,metropolis,0.0012843589885279671,,False,0.2
865,3,1,full,2-local,metropolis,0.35375852316607914,,False,0.2
866,4,1,full,2-local,metropolis,0.0010010388287657879,,False,0.2
867,5,1,full,2-local,metropolis,0.007595620481649412,,False,0.2
868,6,1,full,2-local,metropolis,0.0018549447939155694,,False,0.2
869,7,1,full,2-local,metropolis,0.007966543073604448,,False,0.2
870,8,1,full,2-local,metropolis,0.0032292379933188675,,False,0.2
871,9,1,full,2-local,metropolis,8.07292890203648e-07,,False,0.2
872,10,1,full,2-local,metropolis,0.00028203451445119043,,False,0.2
873,3,1,full,2-local,metropolis,0.5006832565037601,,False,0.2
874,4,1,full,2-local,metropolis,0.015112739433904232,,False,0.2
875,5,1,full,2-local,metropolis,0.09367059482522488,,False,0.2
876,6,1,full,2-local,metropolis,0.009658643860581018,,False,0.2
877,7,1,full,2-local,metropolis,0.023530903279726068,,False,0.2
878,8,1,full,2-local,metropolis,0.005712842053120837,,False,0.2
879,9,1,full,2-local,metropolis,0.001624391825641558,,False,0.2
880,10,1,full,2-local,metropolis,0.001559573513390644,,False,0.2
881,3,1,full,2-local,metropolis,0.33336117369431084,,False,0.2
882,4,1,full,2-local,metropolis,0.14396021878545495,,False,0.2
883,5,1,full,2-local,metropolis,0.000739330411394179,,False,0.2
884,6,1,full,2-local,metropolis,0.044063454390581014,,False,0.2
885,7,1,full,2-local,metropolis,2.4343425097828053e-05,,False,0.2
886,8,1,full,2-local,metropolis,0.00027322799984075274,,False,0.2
887,9,1,full,2-local,metropolis,0.017813719532391525,,False,0.2
888,10,1,full,2-local,metropolis,0.0007291103529243337,,False,0.2
889,3,1,full,2-local,metropolis,0.3356692779463084,,False,0.2
890,4,1,full,2-local,metropolis,0.16650855576890267,,False,0.2
891,5,1,full,2-local,metropolis,0.03639111106022108,,False,0.2
892,6,1,full,2-local,metropolis,0.008507279038424742,,False,0.2
893,7,1,full,2-local,metropolis,0.0033767552831124314,,False,0.2
894,8,1,full,2-local,metropolis,0.004489930979797552,,False,0.2
895,9,1,full,2-local,metropolis,0.0005161472937638134,,False,0.2
896,10,1,full,2-local,metropolis,0.00019709572506898532,,False,0.2
897,3,1,full,2-local,metropolis,0.3833637781189789,,False,0.2
898,4,1,full,2-local,metropolis,0.16449885068194547,,False,0.2
899,5,1,full,2-local,metropolis,0.09351938605362531,,False,0.2
900,6,1,full,2-local,metropolis,0.0304694208622891,,False,0.2
901,7,1,full,2-local,metropolis,0.0036839175885879927,,False,0.2
902,8,1,full,2-local,metropolis,0.00015481092079960845,,False,0.2
903,9,1,full,2-local,metropolis,0.00015244661905422507,,False,0.2
904,10,1,full,2-local,metropolis,1.6754510272387613e-05,,False,0.2
905,3,1,full,2-local,metropolis,0.47469349497244784,,False,0.2
906,4,1,full,2-local,metropolis,0.1670833390749411,,False,0.2
907,5,1,full,2-local,metropolis,0.03989931608128228,,False,0.2
908,6,1,full,2-local,metropolis,0.0015400454812717346,,False,0.2
909,7,1,full,2-local,metropolis,0.04811956548614793,,False,0.2
910,8,1,full,2-local,metropolis,0.0325704651085561,,False,0.2
911,9,1,full,2-local,metropolis,0.00016894110676624052,,False,0.2
912,10,1,full,2-local,metropolis,8.426619357804199e-05,,False,0.2
913,3,1,full,2-local,metropolis,0.3781494691036542,,False,0.2
914,4,1,full,2-local,metropolis,0.025442636559728893,,False,0.2
915,5,1,full,2-local,metropolis,0.09621852717550594,,False,0.2
916,6,1,full,2-local,metropolis,0.029156036539156882,,False,0.2
917,7,1,full,2-local,metropolis,0.0016988857096399412,,False,0.2
918,8,1,full,2-local,metropolis,0.003842270803346981,,False,0.2
919,9,1,full,2-local,metropolis,0.00019133349322508764,,False,0.2
920,10,1,full,2-local,metropolis,1.8150732028487937e-08,,False,0.2
921,3,1,full,2-local,metropolis,0.3604353117701008,,False,0.2
922,4,1,full,2-local,metropolis,0.12432633717869135,,False,0.2
923,5,1,full,2-local,metropolis,0.066953203757801,,False,0.2
924,6,1,full,2-local,metropolis,0.02039208580336971,,False,0.2
925,7,1,full,2-local,metropolis,0.05309364728830834,,False,0.2
926,8,1,full,2-local,metropolis,0.0006765152891085036,,False,0.2
927,9,1,full,2-local,metropolis,0.005213373593617954,,False,0.2
928,10,1,full,2-local,metropolis,0.0006569410051099345,,False,0.2
929,3,1,full,2-local,metropolis,0.3553898179468111,,False,0.2
930,4,1,full,2-local,metropolis,0.3176670550796441,,False,0.2
931,5,1,full,2-local,metropolis,0.018951605876179833,,False,0.2
932,6,1,full,2-local,metropolis,0.0573953523768258,,False,0.2
933,7,1,full,2-local,metropolis,0.0044290451910457,,False,0.2
934,8,1,full,2-local,metropolis,0.0001768205082898211,,False,0.2
935,9,1,full,2-local,metropolis,0.00032092039667996897,,False,0.2
936,10,1,full,2-local,metropolis,0.015723628250286947,,False,0.2
937,3,1,full,2-local,metropolis,0.45160868172605817,,False,0.2
938,4,1,full,2-local,metropolis,0.031940933037482466,,False,0.2
939,5,1,full,2-local,metropolis,0.0642863558668092,,False,0.2
940,6,1,full,2-local,metropolis,0.011987307480361142,,False,0.2
941,7,1,full,2-local,metropolis,0.0007991870818602198,,False,0.2
942,8,1,full,2-local,metropolis,6.848577233276032e-05,,False,0.2
943,9,1,full,2-local,metropolis,0.0004072756373845188,,False,0.2
944,10,1,full,2-local,metropolis,0.00047545480195887446,,False,0.2
945,3,1,full,2-local,metropolis,0.3334932670733032,,False,0.2
946,4,1,full,2-local,metropolis,0.11631489995200939,,False,0.2
947,5,1,full,2-local,metropolis,0.01693779075731472,,False,0.2
948,6,1,full,2-local,metropolis,0.011135091900252636,,False,0.2
949,7,1,full,2-local,metropolis,0.010825948087597848,,False,0.2
950,8,1,full,2-local,metropolis,2.5955935464838653e-05,,False,0.2
951,9,1,full,2-local,metropolis,0.0007486794438322786,,False,0.2
952,10,1,full,2-local,metropolis,0.003606237834104631,,False,0.2
953,3,1,full,2-local,metropolis,0.3381029011214437,,False,0.2
954,4,1,full,2-local,metropolis,0.02779143860323574,,False,0.2
955,5,1,full,2-local,metropolis,0.00015238638236780844,,False,0.2
956,6,1,full,2-local,metropolis,0.0833684868374891,,False,0.2
957,7,1,full,2-local,metropolis,0.006409862387457221,,False,0.2
958,8,1,full,2-local,metropolis,8.559232519145255e-05,,False,0.2
959,9,1,full,2-local,metropolis,0.0005219919543496543,,False,0.2
960,10,1,full,2-local,metropolis,0.0017855558086983248,,False,0.2
961,3,1,full,2-local,metropolis,0.3382651417463325,,False,0.2
962,4,1,full,2-local,metropolis,0.1517918935626632,,False,0.2
963,5,1,full,2-local,metropolis,0.06914581797064445,,False,0.2
964,6,1,full,2-local,metropolis,0.0013233018294265264,,False,0.2
965,7,1,full,2-local,metropolis,0.009804480187207476,,False,0.2
966,8,1,full,2-local,metropolis,0.0011516417215532426,,False,0.2
967,9,1,full,2-local,metropolis,0.0005425293812950649,,False,0.2
968,10,1,full,2-local,metropolis,0.000347473441130397,,False,0.2
969,3,1,full,2-local,metropolis,0.5690710441561552,,False,0.2
970,4,1,full,2-local,metropolis,0.20964173009907017,,False,0.2
971,5,1,full,2-local,metropolis,0.013947960209910959,,False,0.2
972,6,1,full,2-local,metropolis,0.07426562371364953,,False,0.2
973,7,1,full,2-local,metropolis,0.005233423037391383,,False,0.2
974,8,1,full,2-local,metropolis,0.0014151184446390408,,False,0.2
975,9,1,full,2-local,metropolis,0.0025691856642999777,,False,0.2
976,10,1,full,2-local,metropolis,0.002858401111824893,,False,0.2
977,3,1,full,2-local,metropolis,0.40809301175294976,,False,0.2
978,4,1,full,2-local,metropolis,0.02944523500478957,,False,0.2
979,5,1,full,2-local,metropolis,0.10424846223383522,,False,0.2
980,6,1,full,2-local,metropolis,0.007000191219039609,,False,0.2
981,7,1,full,2-local,metropolis,0.004199876657946744,,False,0.2
982,8,1,full,2-local,metropolis,0.02002245500185973,,False,0.2
983,9,1,full,2-local,metropolis,0.0008817544354771112,,False,0.2
984,10,1,full,2-local,metropolis,0.0027544330361897185,,False,0.2
985,3,1,full,2-local,metropolis,0.38874901822217556,,False,0.2
986,4,1,full,2-local,metropolis,0.07677894712406497,,False,0.2
987,5,1,full,2-local,metropolis,0.03394485640893796,,False,0.2
988,6,1,full,2-local,metropolis,0.07825833789667924,,False,0.2
989,7,1,full,2-local,metropolis,0.008076966018720766,,False,0.2
990,8,1,full,2-local,metropolis,0.00021021012771427205,,False,0.2
991,9,1,full,2-local,metropolis,0.0011050125497905627,,False,0.2
992,10,1,full,2-local,metropolis,0.002982251197280794,,False,0.2
993,3,1,full,2-local,metropolis,0.4419561967255127,,False,0.2
994,4,1,full,2-local,metropolis,0.15711061732810427,,False,0.2
995,5,1,full,2-local,metropolis,0.019653728493685296,,False,0.2
996,6,1,full,2-local,metropolis,0.05337252648917179,,False,0.2
997,7,1,full,2-local,metropolis,0.006917449376377949,,False,0.2
998,8,1,full,2-local,metropolis,3.6781754460757377e-05,,False,0.2
999,9,1,full,2-local,metropolis,0.0040632782828637914,,False,0.2
1000,10,1,full,2-local,metropolis,8.109154811308805e-06,,False,0.2
